{"mean":{"confidence_interval":{"confidence_level":0.95,"lower_bound":0.0017039014048596535,"upper_bound":0.009633201456749351},"point_estimate":0.0057078179232827875,"standard_error":0.002042734491969412},"median":{"confidence_interval":{"confidence_level":0.95,"lower_bound":-0.0006450280739749292,"upper_bound":0.012064228692790557},"point_estimate":0.005004970621896643,"standard_error":0.0033197305546165353}}