{"mean":{"confidence_interval":{"confidence_level":0.95,"lower_bound":14916072.8443125,"upper_bound":15007284.1875625},"point_estimate":14957503.2275,"standard_error":23469.949780257055},"median":{"confidence_interval":{"confidence_level":0.95,"lower_bound":14895687.5,"upper_bound":14984656.25},"point_estimate":14921593.75,"standard_error":20503.776096044036},"median_abs_dev":{"confidence_interval":{"confidence_level":0.95,"lower_bound":134399.17021393776,"upper_bound":213826.50323694572},"point_estimate":177147.71655499935,"standard_error":20347.906670178647},"slope":null,"std_dev":{"confidence_interval":{"confidence_level":0.95,"lower_bound":143278.82631075254,"upper_bound":343772.92040015745},"point_estimate":236541.81203167056,"standard_error":60203.54134405119}}