{"mean":{"confidence_interval":{"confidence_level":0.95,"lower_bound":-0.2760164682699254,"upper_bound":-0.04091036270534694},"point_estimate":-0.16016804791289074,"standard_error":0.059844181171492435},"median":{"confidence_interval":{"confidence_level":0.95,"lower_bound":-0.032132464900407776,"upper_bound":-0.013961186667466898},"point_estimate":-0.018292666508903932,"standard_error":0.005214992522091653}}