{"mean":{"confidence_interval":{"confidence_level":0.95,"lower_bound":-0.00810395305928572,"upper_bound":-0.00023307232051860322},"point_estimate":-0.004283037060163752,"standard_error":0.0020092909554872054},"median":{"confidence_interval":{"confidence_level":0.95,"lower_bound":-0.009852361917355945,"upper_bound":0.003817847045053835},"point_estimate":-0.00438124495230785,"standard_error":0.0035885336739987766}}