{"mean":{"confidence_interval":{"confidence_level":0.95,"lower_bound":0.00015251659372912996,"upper_bound":0.07537587409664549},"point_estimate":0.03127214724575733,"standard_error":0.019491562175417525},"median":{"confidence_interval":{"confidence_level":0.95,"lower_bound":-0.008924554254501671,"upper_bound":0.008309705243938925},"point_estimate":0.0046083525627775845,"standard_error":0.004142396397728472}}