{"mean":{"confidence_interval":{"confidence_level":0.95,"lower_bound":0.013003604056581363,"upper_bound":0.016607278422237217},"point_estimate":0.014727128453203564,"standard_error":0.0009104967873006934},"median":{"confidence_interval":{"confidence_level":0.95,"lower_bound":0.011598616156481611,"upper_bound":0.015774342014244214},"point_estimate":0.013367764166688945,"standard_error":0.0010085591304984938}}