{"mean":{"confidence_interval":{"confidence_level":0.95,"lower_bound":0.1161649439107822,"upper_bound":0.7543257570895668},"point_estimate":0.4083296901623694,"standard_error":0.17151977062257684},"median":{"confidence_interval":{"confidence_level":0.95,"lower_bound":0.03878645799131686,"upper_bound":0.06494948110136067},"point_estimate":0.05722727415090656,"standard_error":0.006552435506018171}}