{"mean":{"confidence_interval":{"confidence_level":0.95,"lower_bound":9310332.635,"upper_bound":9331250.08204167},"point_estimate":9320162.635000002,"standard_error":5343.122712023636},"median":{"confidence_interval":{"confidence_level":0.95,"lower_bound":9295086.75,"upper_bound":9316180.583333332},"point_estimate":9305322.833333334,"standard_error":5252.255212327494},"median_abs_dev":{"confidence_interval":{"confidence_level":0.95,"lower_bound":25497.62770857578,"upper_bound":44544.96330916789},"point_estimate":36107.363308967084,"standard_error":4818.330262687482},"slope":null,"std_dev":{"confidence_interval":{"confidence_level":0.95,"lower_bound":39939.827186488474,"upper_bound":66018.41249340874},"point_estimate":53719.881837824796,"standard_error":6635.935249022995}}