{"mean":{"confidence_interval":{"confidence_level":0.95,"lower_bound":-0.021103424118426077,"upper_bound":-0.011871986507259477},"point_estimate":-0.015736939815235274,"standard_error":0.0023911923370162846},"median":{"confidence_interval":{"confidence_level":0.95,"lower_bound":-0.015753891709539336,"upper_bound":-0.01272347706553012},"point_estimate":-0.013978818824678774,"standard_error":0.0007406353123665786}}