{
  "failures": [],
  "fidelity_score": 100,
  "memory_peak_mb": 16.063146591186523,
  "perfect_roundtrips": 100,
  "performance": {
    "compression_ratio_percent": 98.07910265308195,
    "file_size_bytes": 6737372,
    "gzipped_size_bytes": 129418,
    "read_throughput_rec_sec": 109240.22061062553,
    "write_throughput_rec_sec": 258842.1581296252
  },
  "total_records": 100
}