{
  "failures": [],
  "fidelity_score": 100,
  "memory_peak_mb": 16.063146591186523,
  "perfect_roundtrips": 100,
  "performance": {
    "compression_ratio_percent": 97.93550066702565,
    "file_size_bytes": 6737372,
    "gzipped_size_bytes": 139093,
    "read_throughput_rec_sec": 9207.958279227216,
    "write_throughput_rec_sec": 27559.30331459186
  },
  "total_records": 100
}