{"mean":{"confidence_interval":{"confidence_level":0.95,"lower_bound":3922459.508384614,"upper_bound":3933045.8474038476},"point_estimate":3927652.1469230764,"standard_error":2696.6580943125873},"median":{"confidence_interval":{"confidence_level":0.95,"lower_bound":3913987.230769231,"upper_bound":3923959.923076923},"point_estimate":3920221.153846154,"standard_error":2366.249808183344},"median_abs_dev":{"confidence_interval":{"confidence_level":0.95,"lower_bound":15336.86947387009,"upper_bound":33173.174411058426},"point_estimate":23127.590197095637,"standard_error":4845.5489578825545},"slope":null,"std_dev":{"confidence_interval":{"confidence_level":0.95,"lower_bound":24067.741018104036,"upper_bound":29537.50561693499},"point_estimate":27144.35405786897,"standard_error":1396.7239764308845}}