{"mean":{"confidence_interval":{"confidence_level":0.95,"lower_bound":2162091.1086875,"upper_bound":2166355.7664166666},"point_estimate":2164192.7091666665,"standard_error":1089.231213281259},"median":{"confidence_interval":{"confidence_level":0.95,"lower_bound":2158128.4583333335,"upper_bound":2165119.7916666665},"point_estimate":2162118.041666667,"standard_error":1441.2676828333565},"median_abs_dev":{"confidence_interval":{"confidence_level":0.95,"lower_bound":8629.195159300816,"upper_bound":15497.771962359662},"point_estimate":11963.74782510171,"standard_error":1775.6869335607707},"slope":null,"std_dev":{"confidence_interval":{"confidence_level":0.95,"lower_bound":9566.991472441445,"upper_bound":12173.54347057734},"point_estimate":10941.097685668437,"standard_error":666.1216618108147}}