{"mean":{"confidence_interval":{"confidence_level":0.95,"lower_bound":19027784.63158333,"upper_bound":19154214.48416667},"point_estimate":19089588.320000004,"standard_error":32143.775649677984},"median":{"confidence_interval":{"confidence_level":0.95,"lower_bound":18934305.666666664,"upper_bound":19136291.5},"point_estimate":19037159.666666664,"standard_error":48180.12089149542},"median_abs_dev":{"confidence_interval":{"confidence_level":0.95,"lower_bound":265303.11098992825,"upper_bound":431251.76772125234},"point_estimate":346433.94674956525,"standard_error":40090.025214507295},"slope":null,"std_dev":{"confidence_interval":{"confidence_level":0.95,"lower_bound":277194.0822002674,"upper_bound":365258.99357323296},"point_estimate":323151.5950504008,"standard_error":22472.894058940892}}