{"mean":{"confidence_interval":{"confidence_level":0.95,"lower_bound":6.96341693173317e-6,"upper_bound":0.008115624600079285},"point_estimate":0.00505732178158369,"standard_error":0.0022597929937012264},"median":{"confidence_interval":{"confidence_level":0.95,"lower_bound":0.005205430763785879,"upper_bound":0.0077007860943061335},"point_estimate":0.0059098615814845434,"standard_error":0.0006509156367522604}}