{"mean":{"confidence_interval":{"confidence_level":0.95,"lower_bound":0.015994155595879196,"upper_bound":0.020918099788090633},"point_estimate":0.018528248168552253,"standard_error":0.0012554433434528417},"median":{"confidence_interval":{"confidence_level":0.95,"lower_bound":0.01518219861506731,"upper_bound":0.019157576574498236},"point_estimate":0.017263691443252904,"standard_error":0.0009343159159556291}}