{"mean":{"confidence_interval":{"confidence_level":0.95,"lower_bound":-0.045988710608917675,"upper_bound":-0.012246552988019016},"point_estimate":-0.02581057706161305,"standard_error":0.008973058739542798},"median":{"confidence_interval":{"confidence_level":0.95,"lower_bound":-0.020987154086251958,"upper_bound":-0.010972659312838778},"point_estimate":-0.01582584463071912,"standard_error":0.002843371735714773}}