{"mean":{"confidence_interval":{"confidence_level":0.95,"lower_bound":-0.32195747340171965,"upper_bound":-0.09192176500096672},"point_estimate":-0.20392584675173875,"standard_error":0.061176864016298},"median":{"confidence_interval":{"confidence_level":0.95,"lower_bound":-0.2633485277563279,"upper_bound":-0.0627282299430244},"point_estimate":-0.10888169044033658,"standard_error":0.05825583403680138}}