{"mean":{"confidence_interval":{"confidence_level":0.95,"lower_bound":-0.019971227125518676,"upper_bound":0.008824469786127932},"point_estimate":-0.004292189011523395,"standard_error":0.007451616532652554},"median":{"confidence_interval":{"confidence_level":0.95,"lower_bound":-0.018583824900168078,"upper_bound":0.013026074158143608},"point_estimate":0.002121443262162348,"standard_error":0.008697626398776899}}