{"mean":{"confidence_interval":{"confidence_level":0.95,"lower_bound":-0.008609785984796716,"upper_bound":-0.0006042363290990064},"point_estimate":-0.005006836811021986,"standard_error":0.0020456327478624286},"median":{"confidence_interval":{"confidence_level":0.95,"lower_bound":-0.011924485294148801,"upper_bound":-0.0040443453613348},"point_estimate":-0.005854876637453432,"standard_error":0.0023904301546362598}}