{"mean":{"confidence_interval":{"confidence_level":0.95,"lower_bound":3751620.7763928566,"upper_bound":3774515.9839107133},"point_estimate":3761530.6271428578,"standard_error":5934.859097372676},"median":{"confidence_interval":{"confidence_level":0.95,"lower_bound":3744559.5,"upper_bound":3753258.9285714286},"point_estimate":3750199.428571428,"standard_error":2170.118929699987},"median_abs_dev":{"confidence_interval":{"confidence_level":0.95,"lower_bound":12884.535071253777,"upper_bound":24714.465011230637},"point_estimate":18329.59527458409,"standard_error":3093.5868590133277},"slope":null,"std_dev":{"confidence_interval":{"confidence_level":0.95,"lower_bound":22261.937348068168,"upper_bound":91099.43073257289},"point_estimate":59451.816366835,"standard_error":18647.200115010837}}