{"mean":{"confidence_interval":{"confidence_level":0.95,"lower_bound":3810544.4952500015,"upper_bound":3831290.2348392853},"point_estimate":3820904.259285716,"standard_error":5278.772951196596},"median":{"confidence_interval":{"confidence_level":0.95,"lower_bound":3806199.4285714286,"upper_bound":3842645.8571428573},"point_estimate":3826389.8928571427,"standard_error":9097.511841828446},"median_abs_dev":{"confidence_interval":{"confidence_level":0.95,"lower_bound":36109.62250892625,"upper_bound":64530.64040435202},"point_estimate":54260.564486682415,"standard_error":6982.135000784924},"slope":null,"std_dev":{"confidence_interval":{"confidence_level":0.95,"lower_bound":45456.1773668912,"upper_bound":60263.612291427766},"point_estimate":53003.313091664524,"standard_error":3790.753986305105}}