{"mean":{"confidence_interval":{"confidence_level":0.95,"lower_bound":-0.0572763677190527,"upper_bound":-0.033714029697025805},"point_estimate":-0.045322339358136676,"standard_error":0.006053922844463914},"median":{"confidence_interval":{"confidence_level":0.95,"lower_bound":-0.06421325916919951,"upper_bound":-0.030191606927764236},"point_estimate":-0.04012170571326723,"standard_error":0.009106009365093067}}