{"mean":{"confidence_interval":{"confidence_level":0.95,"lower_bound":-0.029825398607980273,"upper_bound":-0.020647043874508577},"point_estimate":-0.02516717523527756,"standard_error":0.002344485042514966},"median":{"confidence_interval":{"confidence_level":0.95,"lower_bound":-0.029227435468017055,"upper_bound":-0.01929830194680699},"point_estimate":-0.024576701616854546,"standard_error":0.002605921279848285}}