{"mean":{"confidence_interval":{"confidence_level":0.95,"lower_bound":-0.03135490581882171,"upper_bound":0.035718878919100035},"point_estimate":0.003113727229424601,"standard_error":0.017098302082024334},"median":{"confidence_interval":{"confidence_level":0.95,"lower_bound":-0.07916928798197664,"upper_bound":-0.03624949740601113},"point_estimate":-0.047183264344603626,"standard_error":0.010330364059655883}}