{"mean":{"confidence_interval":{"confidence_level":0.95,"lower_bound":-0.10855587437864492,"upper_bound":-0.09317595255894867},"point_estimate":-0.10207091585495409,"standard_error":0.00400016335776437},"median":{"confidence_interval":{"confidence_level":0.95,"lower_bound":-0.11362603844938512,"upper_bound":-0.10276388759811639},"point_estimate":-0.10875941736348249,"standard_error":0.0028410308467671595}}