{"mean":{"confidence_interval":{"confidence_level":0.95,"lower_bound":-0.0005600372942344424,"upper_bound":0.01773670819512759},"point_estimate":0.007979349275134995,"standard_error":0.004630301374887453},"median":{"confidence_interval":{"confidence_level":0.95,"lower_bound":-0.003021653413974534,"upper_bound":0.00695541725945868},"point_estimate":0.0030211899744252424,"standard_error":0.002582904334213592}}