{"mean":{"confidence_interval":{"confidence_level":0.95,"lower_bound":-0.007324490435675399,"upper_bound":-0.0036758350553456505},"point_estimate":-0.005460111428472358,"standard_error":0.0009308550390027702},"median":{"confidence_interval":{"confidence_level":0.95,"lower_bound":-0.007309898848668173,"upper_bound":-0.004395298149907578},"point_estimate":-0.005772318717442437,"standard_error":0.0007097022899961284}}