{"mean":{"confidence_interval":{"confidence_level":0.95,"lower_bound":14863030.115875,"upper_bound":14921525.6798125},"point_estimate":14890828.2125,"standard_error":14959.245940171766},"median":{"confidence_interval":{"confidence_level":0.95,"lower_bound":14856531.25,"upper_bound":14904010.5},"point_estimate":14889442.625,"standard_error":12509.601630145402},"median_abs_dev":{"confidence_interval":{"confidence_level":0.95,"lower_bound":64807.89652755499,"upper_bound":128028.99410203099},"point_estimate":87944.3092636764,"standard_error":16764.95909101508},"slope":null,"std_dev":{"confidence_interval":{"confidence_level":0.95,"lower_bound":101349.50717649703,"upper_bound":205035.06262083855},"point_estimate":150551.87480617606,"standard_error":28082.927094462364}}