{"mean":{"confidence_interval":{"confidence_level":0.95,"lower_bound":-0.06360344487730728,"upper_bound":-0.046123017470464225},"point_estimate":-0.05450544208177499,"standard_error":0.0044904224760492},"median":{"confidence_interval":{"confidence_level":0.95,"lower_bound":-0.061445388246672006,"upper_bound":-0.04491629220786886},"point_estimate":-0.0508563262344921,"standard_error":0.004106249445427985}}