{"mean":{"confidence_interval":{"confidence_level":0.95,"lower_bound":-0.0036609027853289552,"upper_bound":0.008210814561807793},"point_estimate":0.0021167698036377303,"standard_error":0.0030211678532159184},"median":{"confidence_interval":{"confidence_level":0.95,"lower_bound":-0.001334977434464757,"upper_bound":0.007797370314548413},"point_estimate":0.0036978144161889936,"standard_error":0.0021318880641572465}}