{"mean":{"confidence_interval":{"confidence_level":0.95,"lower_bound":2171196.1413043477,"upper_bound":3511494.640434783},"point_estimate":2738791.3239130434,"standard_error":347505.2460407143},"median":{"confidence_interval":{"confidence_level":0.95,"lower_bound":2032193.8695652173,"upper_bound":2060171.1956521738},"point_estimate":2045644.9347826086,"standard_error":6867.538936089563},"median_abs_dev":{"confidence_interval":{"confidence_level":0.95,"lower_bound":65477.448546238316,"upper_bound":121782.6312031438},"point_estimate":83604.42489398581,"standard_error":15406.141766383718},"slope":null,"std_dev":{"confidence_interval":{"confidence_level":0.95,"lower_bound":476853.23532193986,"upper_bound":5450936.5923842825},"point_estimate":3485677.827216347,"standard_error":1268197.2204854453}}