{"mean":{"confidence_interval":{"confidence_level":0.95,"lower_bound":-0.009135166245612558,"upper_bound":0.017336004867629186},"point_estimate":0.0037128762518565672,"standard_error":0.00673615564058359},"median":{"confidence_interval":{"confidence_level":0.95,"lower_bound":-0.035402043301042796,"upper_bound":-0.004122829427354535},"point_estimate":-0.026074563939936457,"standard_error":0.007813088481066092}}