{"mean":{"confidence_interval":{"confidence_level":0.95,"lower_bound":-0.09723596462685041,"upper_bound":-0.06360977909361619},"point_estimate":-0.08083948432629173,"standard_error":0.008543500814724719},"median":{"confidence_interval":{"confidence_level":0.95,"lower_bound":-0.12019758381453338,"upper_bound":-0.07521935358457432},"point_estimate":-0.0978151888939931,"standard_error":0.011249408463243326}}