{"mean":{"confidence_interval":{"confidence_level":0.95,"lower_bound":-0.013998187257912072,"upper_bound":-0.002366372752660701},"point_estimate":-0.00715699521938018,"standard_error":0.0030313865678886364},"median":{"confidence_interval":{"confidence_level":0.95,"lower_bound":-0.0055060340580675785,"upper_bound":-0.0006714800267287879},"point_estimate":-0.0021636758878270657,"standard_error":0.0013314421365090352}}