{"mean":{"confidence_interval":{"confidence_level":0.95,"lower_bound":3336888.1046666657,"upper_bound":3338866.637916666},"point_estimate":3337860.3573333337,"standard_error":504.9505739118671},"median":{"confidence_interval":{"confidence_level":0.95,"lower_bound":3336269.466666667,"upper_bound":3338569.466666667},"point_estimate":3337747.2333333334,"standard_error":534.9028377008342},"median_abs_dev":{"confidence_interval":{"confidence_level":0.95,"lower_bound":3937.14307010206,"upper_bound":6698.485521078087},"point_estimate":5848.06617617591,"standard_error":747.7011395587076},"slope":null,"std_dev":{"confidence_interval":{"confidence_level":0.95,"lower_bound":4242.941484940456,"upper_bound":5896.03863146763},"point_estimate":5064.630442824138,"standard_error":424.5880498323297}}