{"mean":{"confidence_interval":{"confidence_level":0.95,"lower_bound":-0.012583902052817394,"upper_bound":-0.00863330814828757},"point_estimate":-0.01055932899727896,"standard_error":0.0010087013241304905},"median":{"confidence_interval":{"confidence_level":0.95,"lower_bound":-0.013953295980360913,"upper_bound":-0.00784505895171772},"point_estimate":-0.010596116069689132,"standard_error":0.0015319743192942215}}