{
  "read_1k": {
    "python": {
      "speedup": 7.49621451640875,
      "improvement": 86.65993351963098,
      "pymarc_mean_ms": 14.599500029968718,
      "mrrc_mean_ms": 1.9475830097993214
    },
    "three_way": {
      "pymrrc_vs_pymarc": {
        "speedup": 7.49621451640875,
        "pymrrc_ms": 1.9475830097993214,
        "pymarc_ms": 14.599500029968718
      },
      "pymrrc_vs_rust": {
        "speedup": 0.0005006822771156396,
        "rust_ms": 0.0009751202962180553,
        "pymrrc_ms": 1.9475830097993214
      },
      "rust_vs_pymarc": {
        "speedup": 14971.998928329142,
        "rust_ms": 0.0009751202962180553,
        "pymarc_ms": 14.599500029968718
      }
    }
  },
  "read_10k": {
    "python": {
      "speedup": 7.56081697005213,
      "improvement": 86.7739160468911,
      "pymarc_mean_ms": 144.62834740212807,
      "mrrc_mean_ms": 19.128666647399466
    },
    "three_way": {
      "pymrrc_vs_pymarc": {
        "speedup": 7.56081697005213,
        "pymrrc_ms": 19.128666647399466,
        "pymarc_ms": 144.62834740212807
      },
      "pymrrc_vs_rust": {
        "speedup": 0.0004872353524058654,
        "rust_ms": 0.009320162635000002,
        "pymrrc_ms": 19.128666647399466
      },
      "rust_vs_pymarc": {
        "speedup": 15517.792238839837,
        "rust_ms": 0.009320162635000002,
        "pymarc_ms": 144.62834740212807
      }
    }
  },
  "extract_titles_1k": {
    "python": {
      "speedup": 7.62173849311767,
      "improvement": 86.879633814477,
      "pymarc_mean_ms": 15.167152974754572,
      "mrrc_mean_ms": 1.9899860102062426
    },
    "three_way": {
      "pymrrc_vs_pymarc": {
        "speedup": 7.62173849311767,
        "pymrrc_ms": 1.9899860102062426,
        "pymarc_ms": 15.167152974754572
      },
      "pymrrc_vs_rust": {
        "speedup": 0.00047295719757292485,
        "rust_ms": 0.0009411782065964703,
        "pymrrc_ms": 1.9899860102062426
      },
      "rust_vs_pymarc": {
        "speedup": 16115.070311288542,
        "rust_ms": 0.0009411782065964703,
        "pymarc_ms": 15.167152974754572
      }
    }
  },
  "extract_titles_10k": {
    "python": {
      "speedup": 7.659114644460787,
      "improvement": 86.94366063937666,
      "pymarc_mean_ms": 151.5455833481004,
      "mrrc_mean_ms": 19.78630564796428
    },
    "three_way": {
      "pymrrc_vs_pymarc": {
        "speedup": 7.659114644460787,
        "pymrrc_ms": 19.78630564796428,
        "pymarc_ms": 151.5455833481004
      },
      "pymrrc_vs_rust": {
        "speedup": 0.00048353096540035495,
        "rust_ms": 0.009567291471666664,
        "pymrrc_ms": 19.78630564796428
      },
      "rust_vs_pymarc": {
        "speedup": 15839.967225509905,
        "rust_ms": 0.009567291471666664,
        "pymarc_ms": 151.5455833481004
      }
    }
  },
  "roundtrip_1k": {
    "python": {
      "speedup": 6.438548774899588,
      "improvement": 84.46854974682402,
      "pymarc_mean_ms": 24.19731963891536,
      "mrrc_mean_ms": 3.758194662320117
    },
    "three_way": {
      "pymrrc_vs_pymarc": {
        "speedup": 6.438548774899588,
        "pymrrc_ms": 3.758194662320117,
        "pymarc_ms": 24.19731963891536
      },
      "pymrrc_vs_rust": {
        "speedup": 0.0005758596623173863,
        "rust_ms": 0.0021641927091666665,
        "pymrrc_ms": 3.758194662320117
      },
      "rust_vs_pymarc": {
        "speedup": 11180.760168179599,
        "rust_ms": 0.0021641927091666665,
        "pymarc_ms": 24.19731963891536
      }
    }
  },
  "roundtrip_10k": {
    "python": {
      "speedup": 6.331052315088748,
      "improvement": 84.20483751782136,
      "pymarc_mean_ms": 259.8142503217484,
      "mrrc_mean_ms": 41.038082990174495
    },
    "three_way": {
      "pymrrc_vs_pymarc": {
        "speedup": 6.331052315088748,
        "pymrrc_ms": 41.038082990174495,
        "pymarc_ms": 259.8142503217484
      },
      "pymrrc_vs_rust": {
        "speedup": 0.0005667837643773206,
        "rust_ms": 0.02325971915999999,
        "pymrrc_ms": 41.038082990174495
      },
      "rust_vs_pymarc": {
        "speedup": 11170.137031084792,
        "rust_ms": 0.02325971915999999,
        "pymarc_ms": 259.8142503217484
      }
    }
  },
  "json_serialization_1k": {
    "mrrc_only": true
  },
  "xml_serialization_1k": {
    "mrrc_only": true
  },
  "parallel_2x_10k": {
    "speedup": 0.9954733550636743,
    "limited_by_gil": true
  },
  "parallel_4x_10k": {
    "benchmark": {
      "min": 0.075463708024472,
      "max": 0.07649383402895182,
      "mean": 0.07606165305090447,
      "stddev": 0.0005346944791927082,
      "median": 0.0762274170992896,
      "runs": 3
    }
  },
  "read_100k": {
    "python": {
      "speedup": 7.528434370244237,
      "improvement": 86.71702573442826,
      "pymarc_mean_ms": 1464.128667023033,
      "mrrc_mean_ms": 194.47983405552804
    },
    "three_way": {
      "pymrrc_vs_pymarc": {
        "speedup": 7.528434370244237,
        "pymrrc_ms": 194.47983405552804,
        "pymarc_ms": 1464.128667023033
      }
    }
  }
}