{
  "read_1k": {
    "python": {
      "speedup": 1.6415360473577647,
      "improvement": 39.08144742787638,
      "pymarc_mean_ms": 13.88329166608552,
      "mrrc_mean_ms": 8.457500332345566
    },
    "three_way": {
      "pymrrc_vs_pymarc": {
        "speedup": 1.6415360473577647,
        "pymrrc_ms": 8.457500332345566,
        "pymarc_ms": 13.88329166608552
      }
    }
  },
  "read_10k": {
    "python": {
      "speedup": 1.7178254113257556,
      "improvement": 41.786866499533495,
      "pymarc_mean_ms": 138.16581961388388,
      "mrrc_mean_ms": 80.43065302384396
    },
    "three_way": {
      "pymrrc_vs_pymarc": {
        "speedup": 1.7178254113257556,
        "pymrrc_ms": 80.43065302384396,
        "pymarc_ms": 138.16581961388388
      }
    }
  },
  "extract_titles_1k": {
    "python": {
      "speedup": 1.7419301563291272,
      "improvement": 42.59241701703131,
      "pymarc_mean_ms": 14.859680319204926,
      "mrrc_mean_ms": 8.530583310251435
    },
    "three_way": {
      "pymrrc_vs_pymarc": {
        "speedup": 1.7419301563291272,
        "pymrrc_ms": 8.530583310251435,
        "pymarc_ms": 14.859680319204926
      }
    }
  },
  "extract_titles_10k": {
    "python": {
      "speedup": 1.7476966679507786,
      "improvement": 42.781832892516356,
      "pymarc_mean_ms": 148.92698595455536,
      "mrrc_mean_ms": 85.21329169161618
    },
    "three_way": {
      "pymrrc_vs_pymarc": {
        "speedup": 1.7476966679507786,
        "pymrrc_ms": 85.21329169161618,
        "pymarc_ms": 148.92698595455536
      }
    }
  },
  "roundtrip_1k": {
    "python": {
      "speedup": 1.7751058630805867,
      "improvement": 43.665331696636855,
      "pymarc_mean_ms": 23.524096934124827,
      "mrrc_mean_ms": 13.25222197920084
    },
    "three_way": {
      "pymrrc_vs_pymarc": {
        "speedup": 1.7751058630805867,
        "pymrrc_ms": 13.25222197920084,
        "pymarc_ms": 23.524096934124827
      }
    }
  },
  "roundtrip_10k": {
    "python": {
      "speedup": 1.8799707582575154,
      "improvement": 46.80768327870866,
      "pymarc_mean_ms": 253.1368613320713,
      "mrrc_mean_ms": 134.64936101809144
    },
    "three_way": {
      "pymrrc_vs_pymarc": {
        "speedup": 1.8799707582575154,
        "pymrrc_ms": 134.64936101809144,
        "pymarc_ms": 253.1368613320713
      }
    }
  },
  "json_serialization_1k": {
    "mrrc_only": true
  },
  "xml_serialization_1k": {
    "mrrc_only": true
  },
  "parallel_2x_10k": {
    "speedup": 0.9357037393439995,
    "limited_by_gil": true
  },
  "parallel_4x_10k": {
    "benchmark": {
      "min": 0.3974003749899566,
      "max": 0.40080029098317027,
      "mean": 0.39960888866335154,
      "stddev": 0.0019146132297170825,
      "median": 0.4006260000169277,
      "runs": 3
    }
  },
  "read_100k": {
    "python": {
      "speedup": 1.8079242648979537,
      "improvement": 44.687948526624595,
      "pymarc_mean_ms": 1476.0567910270765,
      "mrrc_mean_ms": 816.4372920291498
    },
    "three_way": {
      "pymrrc_vs_pymarc": {
        "speedup": 1.8079242648979537,
        "pymrrc_ms": 816.4372920291498,
        "pymarc_ms": 1476.0567910270765
      }
    }
  }
}