{
  "read_1k": {
    "speedup": 0.8607618381599885,
    "improvement": -16.176154154052018,
    "pymarc_mean_ms": 14.136458630673587,
    "mrrc_mean_ms": 16.423193970695138
  },
  "read_10k": {
    "speedup": 0.8811069696611384,
    "improvement": -13.49359776198186,
    "pymarc_mean_ms": 141.87324997813752,
    "mrrc_mean_ms": 161.01705566203842
  },
  "extract_titles_1k": {
    "speedup": 0.8878651052367241,
    "improvement": -12.629722026678616,
    "pymarc_mean_ms": 14.859791340616843,
    "mrrc_mean_ms": 16.73654168068121
  },
  "extract_titles_10k": {
    "speedup": 0.8920193461537558,
    "improvement": -12.105191923453166,
    "pymarc_mean_ms": 148.62011136331907,
    "mrrc_mean_ms": 166.61086108069867
  }
}