{
  "read_1k": {
    "speedup": 7.340140189097808,
    "improvement": 86.37628200227996,
    "pymarc_mean_ms": 13.75583365249137,
    "mrrc_mean_ms": 1.8740559850508969
  },
  "read_10k": {
    "speedup": 7.564518428680956,
    "improvement": 86.78038781413382,
    "pymarc_mean_ms": 137.68726404911527,
    "mrrc_mean_ms": 18.201722336622577
  },
  "extract_titles_1k": {
    "speedup": 7.503645658377957,
    "improvement": 86.67314468822921,
    "pymarc_mean_ms": 14.23504133708775,
    "mrrc_mean_ms": 1.8970833625644445
  },
  "extract_titles_10k": {
    "speedup": 7.44285999652152,
    "improvement": 86.56430457556156,
    "pymarc_mean_ms": 142.57387537509203,
    "mrrc_mean_ms": 19.155791650215786
  }
}