{"mean":{"confidence_interval":{"confidence_level":0.95,"lower_bound":10613210.1334,"upper_bound":10885530.020700002},"point_estimate":10741166.082,"standard_error":69492.37418330311},"median":{"confidence_interval":{"confidence_level":0.95,"lower_bound":10351625.0,"upper_bound":10730762.5},"point_estimate":10582391.6,"standard_error":102664.56539429737},"median_abs_dev":{"confidence_interval":{"confidence_level":0.95,"lower_bound":360833.8472539181,"upper_bound":820619.0854310989},"point_estimate":621085.7401335234,"standard_error":122779.89739523544},"slope":null,"std_dev":{"confidence_interval":{"confidence_level":0.95,"lower_bound":517859.8744205255,"upper_bound":918489.1962282009},"point_estimate":697710.7783538825,"standard_error":116423.84606994867}}