{"mean":{"confidence_interval":{"confidence_level":0.95,"lower_bound":18739078.676000003,"upper_bound":18902572.090000007},"point_estimate":18804474.05,"standard_error":43114.9780889824},"median":{"confidence_interval":{"confidence_level":0.95,"lower_bound":18658333.333333336,"upper_bound":18797076.333333332},"point_estimate":18768514.0,"standard_error":44922.440679208754},"median_abs_dev":{"confidence_interval":{"confidence_level":0.95,"lower_bound":130757.16337859354,"upper_bound":236587.62049973194},"point_estimate":211260.11804938316,"standard_error":29408.604258942883},"slope":null,"std_dev":{"confidence_interval":{"confidence_level":0.95,"lower_bound":153408.33915891722,"upper_bound":707758.4613630379},"point_estimate":435159.0504181868,"standard_error":184870.6088630819}}